image_id,label
121901.jpg,219
139000.jpg,390
100301.jpg,3
141601.jpg,416
111601.jpg,116
149501.jpg,495
133702.jpg,337
139004.jpg,390
127602.jpg,276
112800.jpg,128
127001.jpg,270
105600.jpg,56
126500.jpg,265
127700.jpg,277
141200.jpg,412
148002.jpg,480
133100.jpg,331
106202.jpg,62
116700.jpg,167
130600.jpg,306
144400.jpg,444
123500.jpg,235
146300.jpg,463
127701.jpg,277
146900.jpg,469
103001.jpg,30
115600.jpg,156
136005.jpg,360
124100.jpg,241
142003.jpg,420
116002.jpg,160
139502.jpg,395
137504.jpg,375
113001.jpg,130
118800.jpg,188
144704.jpg,447
115500.jpg,155
136000.jpg,360
123203.jpg,232
125801.jpg,258
131401.jpg,314
119701.jpg,197
116800.jpg,168
130901.jpg,309
133601.jpg,336
115301.jpg,153
119702.jpg,197
100401.jpg,4
119704.jpg,197
100302.jpg,3
128002.jpg,280
149300.jpg,493
109601.jpg,96
137005.jpg,370
122600.jpg,226
101100.jpg,11
105300.jpg,53
129601.jpg,296
121801.jpg,218
104802.jpg,48
138009.jpg,380
136201.jpg,362
131601.jpg,316
116402.jpg,164
149603.jpg,496
134200.jpg,342
105701.jpg,57
120703.jpg,207
122200.jpg,222
103503.jpg,35
132601.jpg,326
110300.jpg,103
138003.jpg,380
110400.jpg,104
104300.jpg,43
148800.jpg,488
106703.jpg,67
122601.jpg,226
122702.jpg,227
123900.jpg,239
101000.jpg,10
112400.jpg,124
117801.jpg,178
113000.jpg,130
103600.jpg,36
128801.jpg,288
131500.jpg,315
125501.jpg,255
101503.jpg,15
105501.jpg,55
144903.jpg,449
119602.jpg,196
138100.jpg,381
136701.jpg,367
135000.jpg,350
125301.jpg,253
123301.jpg,233
102801.jpg,28
127501.jpg,275
134603.jpg,346
139205.jpg,392
138603.jpg,386
119901.jpg,199
129003.jpg,290
118000.jpg,180
128700.jpg,287
106901.jpg,69
119800.jpg,198
115101.jpg,151
144402.jpg,444
110700.jpg,107
136008.jpg,360
138503.jpg,385
144102.jpg,441
129800.jpg,298
126701.jpg,267
138803.jpg,388
121800.jpg,218
132505.jpg,325
115701.jpg,157
146801.jpg,468
146203.jpg,462
127901.jpg,279
108801.jpg,88
118201.jpg,182
113901.jpg,139
112300.jpg,123
135502.jpg,355
112900.jpg,129
102400.jpg,24
118301.jpg,183
112500.jpg,125
111101.jpg,111
131300.jpg,313
104101.jpg,41
127802.jpg,278
133800.jpg,338
132501.jpg,325
143802.jpg,438
123901.jpg,239
138102.jpg,381
129802.jpg,298
106200.jpg,62
117501.jpg,175
110601.jpg,106
140200.jpg,402
148201.jpg,482
135902.jpg,359
143701.jpg,437
145201.jpg,452
131501.jpg,315
111700.jpg,117
149900.jpg,499
144703.jpg,447
134100.jpg,341
139801.jpg,398
134502.jpg,345
124800.jpg,248
106604.jpg,66
104601.jpg,46
121402.jpg,214
132511.jpg,325
138301.jpg,383
138006.jpg,380
120201.jpg,202
126807.jpg,268
112302.jpg,123
118202.jpg,182
111000.jpg,110
141001.jpg,410
131402.jpg,314
110501.jpg,105
130401.jpg,304
110600.jpg,106
130101.jpg,301
102901.jpg,29
111201.jpg,112
122800.jpg,228
139101.jpg,391
124802.jpg,248
136803.jpg,368
132102.jpg,321
107001.jpg,70
141901.jpg,419
108501.jpg,85
100500.jpg,5
118402.jpg,184
130100.jpg,301
135800.jpg,358
114701.jpg,147
115501.jpg,155
122901.jpg,229
110100.jpg,101
140502.jpg,405
126501.jpg,265
135600.jpg,356
146402.jpg,464
125100.jpg,251
102701.jpg,27
110001.jpg,100
119301.jpg,193
145003.jpg,450
141400.jpg,414
120200.jpg,202
138500.jpg,385
133202.jpg,332
103501.jpg,35
116701.jpg,167
102302.jpg,23
110301.jpg,103
104901.jpg,49
126705.jpg,267
108901.jpg,89
142201.jpg,422
136601.jpg,366
130900.jpg,309
114100.jpg,141
139002.jpg,390
119900.jpg,199
131101.jpg,311
145601.jpg,456
106605.jpg,66
129000.jpg,290
106606.jpg,66
147103.jpg,471
126803.jpg,268
145700.jpg,457
109700.jpg,97
142502.jpg,425
116703.jpg,167
133802.jpg,338
141704.jpg,417
110701.jpg,107
107202.jpg,72
136401.jpg,364
130700.jpg,307
139400.jpg,394
137802.jpg,378
138701.jpg,387
106301.jpg,63
120700.jpg,207
118400.jpg,184
102100.jpg,21
138707.jpg,387
135601.jpg,356
102300.jpg,23
116500.jpg,165
100601.jpg,6
144601.jpg,446
148501.jpg,485
115201.jpg,152
126804.jpg,268
103200.jpg,32
106001.jpg,60
129001.jpg,290
122801.jpg,228
149201.jpg,492
118100.jpg,181
148003.jpg,480
133703.jpg,337
126001.jpg,260
144902.jpg,449
111600.jpg,116
131001.jpg,310
138504.jpg,385
142601.jpg,426
114800.jpg,148
140900.jpg,409
120801.jpg,208
131700.jpg,317
110000.jpg,100
116000.jpg,160
101702.jpg,17
124202.jpg,242
111500.jpg,115
114901.jpg,149
112601.jpg,126
106801.jpg,68
122300.jpg,223
135802.jpg,358
138708.jpg,387
119200.jpg,192
143200.jpg,432
136102.jpg,361
103201.jpg,32
100001.jpg,0
132510.jpg,325
120600.jpg,206
113501.jpg,135
103401.jpg,34
117600.jpg,176
131602.jpg,316
108701.jpg,87
132502.jpg,325
105000.jpg,50
146000.jpg,460
138302.jpg,383
106902.jpg,69
137300.jpg,373
147901.jpg,479
146207.jpg,462
129900.jpg,299
134301.jpg,343
122705.jpg,227
118302.jpg,183
112403.jpg,124
144600.jpg,446
138005.jpg,380
147001.jpg,470
129500.jpg,295
105500.jpg,55
142701.jpg,427
101801.jpg,18
114902.jpg,149
117601.jpg,176
123801.jpg,238
108202.jpg,82
145902.jpg,459
114200.jpg,142
144001.jpg,440
139603.jpg,396
122500.jpg,225
104301.jpg,43
147302.jpg,473
111002.jpg,110
146001.jpg,460
129701.jpg,297
122302.jpg,223
132201.jpg,322
134801.jpg,348
147101.jpg,471
146800.jpg,468
134901.jpg,349
110201.jpg,102
107301.jpg,73
114900.jpg,149
130800.jpg,308
138601.jpg,386
105301.jpg,53
148000.jpg,480
134802.jpg,348
146205.jpg,462
134001.jpg,340
140201.jpg,402
139201.jpg,392
126002.jpg,260
132503.jpg,325
102802.jpg,28
106500.jpg,65
141600.jpg,416
100902.jpg,9
134803.jpg,348
119703.jpg,197
133101.jpg,331
120800.jpg,208
112406.jpg,124
133602.jpg,336
137003.jpg,370
107000.jpg,70
131802.jpg,318
101500.jpg,15
102402.jpg,24
142700.jpg,427
146102.jpg,461
121403.jpg,214
120001.jpg,200
107400.jpg,74
144000.jpg,440
104500.jpg,45
140500.jpg,405
126101.jpg,261
106501.jpg,65
128800.jpg,288
138702.jpg,387
128901.jpg,289
144200.jpg,442
107701.jpg,77
122402.jpg,224
103102.jpg,31
143601.jpg,436
135100.jpg,351
114402.jpg,144
114301.jpg,143
108301.jpg,83
132300.jpg,323
147701.jpg,477
111301.jpg,113
137704.jpg,377
112600.jpg,126
103101.jpg,31
112602.jpg,126
124301.jpg,243
109200.jpg,92
129501.jpg,295
146500.jpg,465
117800.jpg,178
140901.jpg,409
124302.jpg,243
148301.jpg,483
138305.jpg,383
115601.jpg,156
113500.jpg,135
143600.jpg,436
110702.jpg,107
132701.jpg,327
143000.jpg,430
107500.jpg,75
129200.jpg,292
143901.jpg,439
110101.jpg,101
149002.jpg,490
140801.jpg,408
128500.jpg,285
101900.jpg,19
131503.jpg,315
104401.jpg,44
135901.jpg,359
102500.jpg,25
117901.jpg,179
129602.jpg,296
137701.jpg,377
127401.jpg,274
105400.jpg,54
136009.jpg,360
109801.jpg,98
127500.jpg,275
109301.jpg,93
147500.jpg,475
108001.jpg,80
112301.jpg,123
128001.jpg,280
101001.jpg,10
133301.jpg,333
137000.jpg,370
141702.jpg,417
139500.jpg,395
135001.jpg,350
124101.jpg,241
147304.jpg,473
143100.jpg,431
130102.jpg,301
115001.jpg,150
126300.jpg,263
133003.jpg,330
130301.jpg,303
125102.jpg,251
143801.jpg,438
114300.jpg,143
115401.jpg,154
100600.jpg,6
102101.jpg,21
100503.jpg,5
139505.jpg,395
137601.jpg,376
117402.jpg,174
136500.jpg,365
119001.jpg,190
132901.jpg,329
140802.jpg,408
109701.jpg,97
118501.jpg,185
110200.jpg,102
114700.jpg,147
108600.jpg,86
119000.jpg,190
143900.jpg,439
131102.jpg,311
128200.jpg,282
124200.jpg,242
100801.jpg,8
122202.jpg,222
116400.jpg,164
149301.jpg,493
136707.jpg,367
132900.jpg,329
144802.jpg,448
121000.jpg,210
124300.jpg,243
111501.jpg,115
102303.jpg,23
112201.jpg,122
141201.jpg,412
138008.jpg,380
148202.jpg,482
112200.jpg,122
125900.jpg,259
145300.jpg,453
144804.jpg,448
123200.jpg,232
145401.jpg,454
124201.jpg,242
118901.jpg,189
147502.jpg,475
141703.jpg,417
117700.jpg,177
137703.jpg,377
141803.jpg,418
126802.jpg,268
148700.jpg,487
144900.jpg,449
148300.jpg,483
118601.jpg,186
130501.jpg,305
119700.jpg,197
134605.jpg,346
101200.jpg,12
104800.jpg,48
114703.jpg,147
149901.jpg,499
115702.jpg,157
126600.jpg,266
142300.jpg,423
136704.jpg,367
101301.jpg,13
147000.jpg,470
139100.jpg,391
114903.jpg,149
102601.jpg,26
140101.jpg,401
137102.jpg,371
133701.jpg,337
103203.jpg,32
123300.jpg,233
148001.jpg,480
128401.jpg,284
137500.jpg,375
114400.jpg,144
100502.jpg,5
145301.jpg,453
125300.jpg,253
115902.jpg,159
126402.jpg,264
115200.jpg,152
123404.jpg,234
102301.jpg,23
138605.jpg,386
120101.jpg,201
123700.jpg,237
127900.jpg,279
110900.jpg,109
109101.jpg,91
143300.jpg,433
149400.jpg,494
131000.jpg,310
130801.jpg,308
128301.jpg,283
126400.jpg,264
136802.jpg,368
107200.jpg,72
113402.jpg,134
146901.jpg,469
122504.jpg,225
138505.jpg,385
125702.jpg,257
112401.jpg,124
144702.jpg,447
132800.jpg,328
133002.jpg,330
133200.jpg,332
141304.jpg,413
104100.jpg,41
129600.jpg,296
118803.jpg,188
134401.jpg,344
110500.jpg,105
130400.jpg,304
136403.jpg,364
138800.jpg,388
105103.jpg,51
109401.jpg,94
149604.jpg,496
146602.jpg,466
138308.jpg,383
137603.jpg,376
136502.jpg,365
114600.jpg,146
148203.jpg,482
104005.jpg,40
135200.jpg,352
140501.jpg,405
127101.jpg,271
129101.jpg,291
111400.jpg,114
131701.jpg,317
137101.jpg,371
108201.jpg,82
124801.jpg,248
116001.jpg,160
141701.jpg,417
105101.jpg,51
140001.jpg,400
112405.jpg,124
140400.jpg,404
125600.jpg,256
123400.jpg,234
105102.jpg,51
141801.jpg,418
134101.jpg,341
143702.jpg,437
106903.jpg,69
142400.jpg,424
134604.jpg,346
131201.jpg,312
138502.jpg,385
139003.jpg,390
130303.jpg,303
135801.jpg,358
127400.jpg,274
109901.jpg,99
143201.jpg,432
135300.jpg,353
116101.jpg,161
100200.jpg,2
128501.jpg,285
122501.jpg,225
106800.jpg,68
127100.jpg,271
111100.jpg,111
111801.jpg,118
131805.jpg,318
145600.jpg,456
142004.jpg,420
110802.jpg,108
103100.jpg,31
123101.jpg,231
108500.jpg,85
138002.jpg,380
128201.jpg,282
133300.jpg,333
115700.jpg,157
125700.jpg,257
108103.jpg,81
140503.jpg,405
149600.jpg,496
132700.jpg,327
126200.jpg,262
105901.jpg,59
137201.jpg,372
122401.jpg,224
140401.jpg,404
123100.jpg,231
107300.jpg,73
143400.jpg,434
122700.jpg,227
114503.jpg,145
118401.jpg,184
130500.jpg,305
126601.jpg,266
107101.jpg,71
123601.jpg,236
136705.jpg,367
140301.jpg,403
125201.jpg,252
109300.jpg,93
123202.jpg,232
111702.jpg,117
138307.jpg,383
122301.jpg,223
106402.jpg,64
106101.jpg,61
148601.jpg,486
125400.jpg,254
108104.jpg,81
144801.jpg,448
145203.jpg,452
144104.jpg,441
148500.jpg,485
120701.jpg,207
132402.jpg,324
133801.jpg,338
126301.jpg,263
113600.jpg,136
139601.jpg,396
130302.jpg,303
108102.jpg,81
125701.jpg,257
138001.jpg,380
108300.jpg,83
146002.jpg,460
124900.jpg,249
101401.jpg,14
110401.jpg,104
138202.jpg,382
126806.jpg,268
103002.jpg,30
103204.jpg,32
125703.jpg,257
133600.jpg,336
120300.jpg,203
118900.jpg,189
106701.jpg,67
148602.jpg,486
104701.jpg,47
123701.jpg,237
101404.jpg,14
144201.jpg,442
138011.jpg,380
101700.jpg,17
122503.jpg,225
106201.jpg,62
118003.jpg,180
108203.jpg,82
146202.jpg,462
139701.jpg,397
138506.jpg,385
112901.jpg,129
105201.jpg,52
106900.jpg,69
119801.jpg,198
123602.jpg,236
119603.jpg,196
101101.jpg,11
117802.jpg,178
142001.jpg,420
111703.jpg,117
101502.jpg,15
124002.jpg,240
136100.jpg,361
100101.jpg,1
138104.jpg,381
122502.jpg,225
142200.jpg,422
108902.jpg,89
125802.jpg,258
145100.jpg,451
122701.jpg,227
123001.jpg,230
139302.jpg,393
133900.jpg,339
123403.jpg,234
102700.jpg,27
134601.jpg,346
125601.jpg,256
103202.jpg,32
143903.jpg,439
100002.jpg,0
112407.jpg,124
116200.jpg,162
122102.jpg,221
139901.jpg,399
127601.jpg,276
146101.jpg,461
135101.jpg,351
144302.jpg,443
145801.jpg,458
113404.jpg,134
145802.jpg,458
104004.jpg,40
145502.jpg,455
115801.jpg,158
134201.jpg,342
121101.jpg,211
119604.jpg,196
137006.jpg,370
117701.jpg,177
147900.jpg,479
139800.jpg,398
145900.jpg,459
141501.jpg,415
113900.jpg,139
139005.jpg,390
122400.jpg,224
148701.jpg,487
136200.jpg,362
109201.jpg,92
122900.jpg,229
146404.jpg,464
103901.jpg,39
115900.jpg,159
123204.jpg,232
131200.jpg,312
104200.jpg,42
136700.jpg,367
116801.jpg,168
146303.jpg,463
104900.jpg,49
122101.jpg,221
106300.jpg,63
135301.jpg,353
138300.jpg,383
137007.jpg,370
135002.jpg,350
140000.jpg,400
100501.jpg,5
148600.jpg,486
127600.jpg,276
147102.jpg,471
110800.jpg,108
121300.jpg,213
121200.jpg,212
137301.jpg,373
105002.jpg,50
139102.jpg,391
149302.jpg,493
124601.jpg,246
136006.jpg,360
101701.jpg,17
112003.jpg,120
135302.jpg,353
125001.jpg,250
131603.jpg,316
143800.jpg,438
118700.jpg,187
145400.jpg,454
117100.jpg,171
109802.jpg,98
129301.jpg,293
146200.jpg,462
136007.jpg,360
139501.jpg,395
103502.jpg,35
103700.jpg,37
106704.jpg,67
149401.jpg,494
133500.jpg,335
136706.jpg,367
116301.jpg,163
108400.jpg,84
135201.jpg,352
137401.jpg,374
134702.jpg,347
104000.jpg,40
132303.jpg,323
103000.jpg,30
121501.jpg,215
146700.jpg,467
104006.jpg,40
127201.jpg,272
102800.jpg,28
143902.jpg,439
135402.jpg,354
115400.jpg,154
112002.jpg,120
119500.jpg,195
135503.jpg,355
147601.jpg,476
136202.jpg,362
103303.jpg,33
106403.jpg,64
136004.jpg,360
108000.jpg,80
131803.jpg,318
104201.jpg,42
126901.jpg,269
138203.jpg,382
112501.jpg,125
149000.jpg,490
133401.jpg,334
130701.jpg,307
142801.jpg,428
103301.jpg,33
107601.jpg,76
133501.jpg,335
149902.jpg,499
149101.jpg,491
119100.jpg,191
142301.jpg,423
136505.jpg,365
126000.jpg,260
139204.jpg,392
121301.jpg,213
114101.jpg,141
142900.jpg,429
135703.jpg,357
106702.jpg,67
146206.jpg,462
100400.jpg,4
132302.jpg,323
137200.jpg,372
130200.jpg,302
125203.jpg,252
136600.jpg,366
121601.jpg,216
139404.jpg,394
141303.jpg,413
141900.jpg,419
138902.jpg,389
115000.jpg,150
141202.jpg,412
120100.jpg,201
120901.jpg,209
108106.jpg,81
140601.jpg,406
109000.jpg,90
124500.jpg,245
100201.jpg,2
100300.jpg,3
147700.jpg,477
137602.jpg,376
119601.jpg,196
138801.jpg,388
146501.jpg,465
122100.jpg,221
138201.jpg,382
121500.jpg,215
130201.jpg,302
147200.jpg,472
122602.jpg,226
127300.jpg,273
101501.jpg,15
122000.jpg,220
147603.jpg,476
104502.jpg,45
119401.jpg,194
137900.jpg,379
118001.jpg,180
148603.jpg,486
141302.jpg,413
102201.jpg,22
119201.jpg,192
121701.jpg,217
143803.jpg,438
118101.jpg,181
127502.jpg,275
120400.jpg,204
145002.jpg,450
138507.jpg,385
128701.jpg,287
137502.jpg,375
148400.jpg,484
146601.jpg,466
139303.jpg,393
118303.jpg,183
121900.jpg,219
111001.jpg,110
121401.jpg,214
134701.jpg,347
112404.jpg,124
146405.jpg,464
108401.jpg,84
102202.jpg,22
114201.jpg,142
130300.jpg,303
136002.jpg,360
141000.jpg,410
129100.jpg,291
148900.jpg,489
104002.jpg,40
139105.jpg,391
126700.jpg,267
134700.jpg,347
104402.jpg,44
131901.jpg,319
136001.jpg,360
122201.jpg,222
149601.jpg,496
132508.jpg,325
103400.jpg,34
114504.jpg,145
109100.jpg,91
147401.jpg,474
110302.jpg,103
135700.jpg,357
118002.jpg,180
137901.jpg,379
105001.jpg,50
142401.jpg,424
121100.jpg,211
117301.jpg,173
121600.jpg,216
106600.jpg,66
134602.jpg,346
136903.jpg,369
140300.jpg,403
125202.jpg,252
108700.jpg,87
122001.jpg,220
126201.jpg,262
135102.jpg,351
114000.jpg,140
147702.jpg,477
114601.jpg,146
136103.jpg,361
110801.jpg,108
127800.jpg,278
142500.jpg,425
113100.jpg,131
140700.jpg,407
104203.jpg,42
136010.jpg,360
145901.jpg,459
135104.jpg,351
135003.jpg,350
104801.jpg,48
125401.jpg,254
139202.jpg,392
142002.jpg,420
125800.jpg,258
144301.jpg,443
137705.jpg,377
134002.jpg,340
148901.jpg,489
117001.jpg,170
135702.jpg,357
139301.jpg,393
121001.jpg,210
135103.jpg,351
117000.jpg,170
148100.jpg,481
147303.jpg,473
139600.jpg,396
122709.jpg,227
145000.jpg,450
130000.jpg,300
146600.jpg,466
138105.jpg,381
138101.jpg,381
112701.jpg,127
131800.jpg,318
144300.jpg,443
139103.jpg,391
101402.jpg,14
119400.jpg,194
143500.jpg,435
134000.jpg,340
124700.jpg,247
115602.jpg,156
104400.jpg,44
113200.jpg,132
107901.jpg,79
136703.jpg,367
132509.jpg,325
143904.jpg,439
101901.jpg,19
114001.jpg,140
149001.jpg,490
138007.jpg,380
120000.jpg,200
139203.jpg,392
122707.jpg,227
124401.jpg,244
124003.jpg,240
101800.jpg,18
138901.jpg,389
101400.jpg,14
140803.jpg,408
145500.jpg,455
136301.jpg,363
105601.jpg,56
132600.jpg,326
145101.jpg,451
146400.jpg,464
105802.jpg,58
139700.jpg,397
144701.jpg,447
104700.jpg,47
121201.jpg,212
100900.jpg,9
149102.jpg,491
107902.jpg,79
133001.jpg,330
106400.jpg,64
102600.jpg,26
138903.jpg,389
127402.jpg,274
117201.jpg,172
115901.jpg,159
100100.jpg,1
138200.jpg,382
119501.jpg,195
120900.jpg,209
138703.jpg,387
131801.jpg,318
122704.jpg,227
134400.jpg,344
126805.jpg,268
105200.jpg,52
145800.jpg,458
148401.jpg,484
120301.jpg,203
112101.jpg,121
149500.jpg,495
142501.jpg,425
109800.jpg,98
108601.jpg,86
110901.jpg,109
146204.jpg,462
139900.jpg,399
119203.jpg,192
129901.jpg,299
137501.jpg,375
143401.jpg,434
129700.jpg,297
126800.jpg,268
136203.jpg,362
116600.jpg,166
132401.jpg,324
104202.jpg,42
103304.jpg,33
117403.jpg,174
139401.jpg,394
131301.jpg,313
120500.jpg,205
148200.jpg,482
122203.jpg,222
112402.jpg,124
138802.jpg,388
111800.jpg,118
140701.jpg,407
139001.jpg,390
118200.jpg,182
137103.jpg,371
148902.jpg,489
137302.jpg,373
147202.jpg,472
148801.jpg,488
138304.jpg,383
136902.jpg,369
106100.jpg,61
144103.jpg,441
138905.jpg,389
132000.jpg,320
147100.jpg,471
101504.jpg,15
103702.jpg,37
139300.jpg,393
136800.jpg,368
144500.jpg,445
103800.jpg,38
149801.jpg,498
138704.jpg,387
122706.jpg,227
147402.jpg,474
107900.jpg,79
109501.jpg,95
128900.jpg,289
137702.jpg,377
132200.jpg,322
124402.jpg,244
112001.jpg,120
109500.jpg,95
118600.jpg,186
138700.jpg,387
112801.jpg,128
115100.jpg,151
147602.jpg,476
136504.jpg,365
141401.jpg,414
103801.jpg,38
135401.jpg,354
132801.jpg,328
142800.jpg,428
141100.jpg,411
126801.jpg,268
114002.jpg,140
131502.jpg,315
144700.jpg,447
101300.jpg,13
132101.jpg,321
134504.jpg,345
149800.jpg,498
117200.jpg,172
135501.jpg,355
126808.jpg,268
118701.jpg,187
100000.jpg,0
138900.jpg,389
101601.jpg,16
146301.jpg,463
119300.jpg,193
128601.jpg,286
104902.jpg,49
134500.jpg,345
120702.jpg,207
119600.jpg,196
128600.jpg,286
113400.jpg,134
108101.jpg,81
117400.jpg,174
108100.jpg,81
121700.jpg,217
140100.jpg,401
141800.jpg,418
138303.jpg,383
144401.jpg,444
132504.jpg,325
136300.jpg,363
113403.jpg,134
142101.jpg,421
106401.jpg,64
105401.jpg,54
131804.jpg,318
124000.jpg,240
114702.jpg,147
126703.jpg,267
107600.jpg,76
105801.jpg,58
124400.jpg,244
123205.jpg,232
146403.jpg,464
138604.jpg,386
137801.jpg,378
104501.jpg,45
145803.jpg,458
134703.jpg,347
112000.jpg,120
104600.jpg,46
114502.jpg,145
102000.jpg,20
147501.jpg,475
136805.jpg,368
124701.jpg,247
114500.jpg,145
106603.jpg,66
134501.jpg,345
142600.jpg,426
116803.jpg,168
120401.jpg,204
126502.jpg,265
114501.jpg,145
138103.jpg,381
138010.jpg,380
122002.jpg,220
102501.jpg,25
117302.jpg,173
133400.jpg,334
102200.jpg,22
113801.jpg,138
112408.jpg,124
107401.jpg,74
114401.jpg,144
136101.jpg,361
146502.jpg,465
124001.jpg,240
139402.jpg,394
105100.jpg,51
149700.jpg,497
149701.jpg,497
109600.jpg,96
142100.jpg,421
134402.jpg,344
138501.jpg,385
137700.jpg,377
147300.jpg,473
116501.jpg,165
139403.jpg,394
143301.jpg,433
123003.jpg,230
138705.jpg,387
106601.jpg,66
111200.jpg,112
116601.jpg,166
116300.jpg,163
146100.jpg,461
108200.jpg,82
117900.jpg,179
113301.jpg,133
145202.jpg,452
134900.jpg,349
115800.jpg,158
141802.jpg,418
117101.jpg,171
137001.jpg,370
148004.jpg,480
117401.jpg,174
101403.jpg,14
121404.jpg,214
138012.jpg,380
114801.jpg,148
138004.jpg,380
106700.jpg,67
107100.jpg,71
137004.jpg,370
116100.jpg,161
100701.jpg,7
138401.jpg,384
147201.jpg,472
129401.jpg,294
143101.jpg,431
123402.jpg,234
113502.jpg,135
122703.jpg,227
103601.jpg,36
100800.jpg,8
136400.jpg,364
105104.jpg,51
138309.jpg,383
111401.jpg,114
129300.jpg,293
132001.jpg,320
113201.jpg,132
145402.jpg,454
103500.jpg,35
111901.jpg,119
126702.jpg,267
146401.jpg,464
134800.jpg,348
111300.jpg,113
103300.jpg,33
136901.jpg,369
125901.jpg,259
125101.jpg,251
104003.jpg,40
118500.jpg,185
140800.jpg,408
118300.jpg,183
137800.jpg,378
113601.jpg,136
134804.jpg,348
100700.jpg,7
140600.jpg,406
146302.jpg,463
146201.jpg,462
123002.jpg,230
145701.jpg,457
107702.jpg,77
140902.jpg,409
134003.jpg,340
108105.jpg,81
147400.jpg,474
133901.jpg,339
126102.jpg,261
102001.jpg,20
136501.jpg,365
128400.jpg,284
126902.jpg,269
102900.jpg,29
147802.jpg,478
146701.jpg,467
113101.jpg,131
128000.jpg,280
108800.jpg,88
102401.jpg,24
124901.jpg,249
147600.jpg,476
136003.jpg,360
137002.jpg,370
127403.jpg,274
109900.jpg,99
127202.jpg,272
142901.jpg,429
104001.jpg,40
139504.jpg,395
137600.jpg,376
145001.jpg,450
141301.jpg,413
133000.jpg,330
125000.jpg,250
112902.jpg,129
113701.jpg,137
105800.jpg,58
129002.jpg,290
119101.jpg,191
116901.jpg,169
103302.jpg,33
132507.jpg,325
131400.jpg,314
116201.jpg,162
100901.jpg,9
105900.jpg,59
145501.jpg,455
132506.jpg,325
141101.jpg,411
139506.jpg,395
112700.jpg,127
127503.jpg,275
145102.jpg,451
135900.jpg,359
122708.jpg,227
131600.jpg,316
131900.jpg,319
107501.jpg,75
127000.jpg,270
134300.jpg,343
143700.jpg,437
144501.jpg,445
106602.jpg,66
128502.jpg,285
130601.jpg,306
129400.jpg,294
103701.jpg,37
108900.jpg,89
106002.jpg,60
126900.jpg,269
109402.jpg,94
108802.jpg,88
128300.jpg,283
109400.jpg,94
132301.jpg,323
116802.jpg,168
126100.jpg,261
149200.jpg,492
142302.jpg,423
138306.jpg,383
149100.jpg,491
123501.jpg,235
138706.jpg,387
123201.jpg,232
107801.jpg,78
133700.jpg,337
120501.jpg,205
125500.jpg,255
131100.jpg,311
126202.jpg,262
138600.jpg,386
142000.jpg,420
113700.jpg,137
127801.jpg,278
130802.jpg,308
126401.jpg,264
120601.jpg,206
105700.jpg,57
101600.jpg,16
144101.jpg,441
135701.jpg,357
144100.jpg,441
149602.jpg,496
107203.jpg,72
138400.jpg,384
132902.jpg,329
139503.jpg,395
111701.jpg,117
116401.jpg,164
143001.jpg,430
117102.jpg,171
144800.jpg,448
118802.jpg,188
139602.jpg,396
113800.jpg,138
134600.jpg,346
128100.jpg,281
141700.jpg,417
132400.jpg,324
103900.jpg,39
116702.jpg,167
129801.jpg,298
124600.jpg,246
137400.jpg,374
116900.jpg,169
136801.jpg,368
133201.jpg,332
107800.jpg,78
141300.jpg,413
113300.jpg,133
109001.jpg,90
132100.jpg,321
144803.jpg,448
134503.jpg,345
119605.jpg,196
107201.jpg,72
138000.jpg,380
127200.jpg,272
141500.jpg,415
111900.jpg,119
118801.jpg,188
144901.jpg,449
101201.jpg,12
137100.jpg,371
136900.jpg,369
124501.jpg,245
148101.jpg,481
130001.jpg,300
147301.jpg,473
136402.jpg,364
138602.jpg,386
147801.jpg,478
125200.jpg,252
123600.jpg,236
129202.jpg,292
121400.jpg,214
136702.jpg,367
139104.jpg,391
103902.jpg,39
126704.jpg,267
136804.jpg,368
135500.jpg,355
123000.jpg,230
129201.jpg,292
135400.jpg,354
106000.jpg,60
123401.jpg,234
137503.jpg,375
132500.jpg,325
138904.jpg,389
112100.jpg,121
145200.jpg,452
107700.jpg,77
147800.jpg,478
146003.jpg,460
117300.jpg,173
139200.jpg,392
119202.jpg,192
115300.jpg,153
127301.jpg,273
123800.jpg,238
117500.jpg,175
113401.jpg,134
143501.jpg,435
134403.jpg,344
128101.jpg,281
136503.jpg,365
